STT,Curve1,Curve2
1,1,2
2,5,3
3,7,5
4,10.33333333,6.333333333
5,13.33333333,7.833333333
6,16.33333333,9.333333333
