STT,Curve1,Curve2
1,3,2
2,5,3
3,7,5
4,9,6.333333333
5,11,7.833333333
6,13,9.333333333
